,objectId,tns_classification,tns_redshift,tns_name,ra,dec,tns_classification_mapped
0,ZTF25aanzrcx,CV,0,2025igx,302.3637282818181,10.742275906060605,CV
1,ZTF25abigtwo,,,2025ulx,245.61354595454543,13.47157740909091,
2,ZTF24abyiwzh,,,2024aenw,79.2837173875,-14.9795294125,
3,ZTF25aarutoh,SN Ia-91T-like,0.034,2025lzw,201.9830490352941,34.377784582352945,SN Ia*
4,ZTF25aajlhto,,,2025fou,83.95679631666665,56.962785149999995,
5,ZTF24abzsxfu,,,2024afkb,130.7405946888889,37.561101022222225,
6,ZTF25aahfhjr,,,2025cww,55.961926,-10.6761436,
7,ZTF25aaloljw,,,2025gyl,301.85476684285715,-1.8200807285714284,
8,ZTF25aapgumb,SN Ia,0.076,2025kil,163.880094075,11.0762362875,SN Ia
9,ZTF25aajjioo,,,2025fem,107.12153565000001,14.206269990000001,
10,ZTF25aatnwge,CV,0,2025mxo,295.1700680652173,55.7368944173913,CV
11,ZTF25aaprtxj,SLSN-II,0.0875,2025jxk,238.87018849615384,44.40549546923077,SLSN-II
12,ZTF25aadlhzw,SN II,0.04,2025alh,181.75315739777778,-15.689273386666668,SN II
13,ZTF25aanikpq,SLSN-I,0.145,2025idz,145.40098889090913,-11.457941663636364,SLSN-I
14,ZTF25aafpooi,SN Ia,0.1,2025bwb,83.60183194545453,-25.42546676363636,SN Ia
15,ZTF25aabylly,SN Ia,0.0453,2025ou,222.0274138,31.745597933333332,SN Ia
16,ZTF25aavgvkc,,,2025osj,189.22121687499998,41.462934950000005,
17,ZTF25abawgwl,,,,270.28964533188406,-23.866254346376813,
18,ZTF25aanktst,,,2025hop,226.00823351428568,-27.8298653,
19,ZTF25aachzhd,SN Ia,0.05,2025yd,270.96600011999993,42.94521394666666,SN Ia
20,ZTF25aafpotv,SN Ia,0.03,2025bol,62.47651349090909,-12.41284669090909,SN Ia
21,ZTF25aaoxequ,SN Ia-91bg-like,0.06,2025izg,226.69781198518515,29.346597655555556,SN Ia*
22,ZTF25aatpeel,SN Ia-CSM,0.182,2025ndr,306.33060896829267,-2.499979590243903,SN Ia*
23,ZTF25aapplfd,SN IIn,0.085,2025kjd,270.4864675795918,66.08674267959184,SN IIn
24,ZTF25aacrmjb,,,2025afu,164.32941174,-8.63293838,
25,ZTF25aapkdnj,,,2025etj,10.33148714,41.64032134,
26,ZTF25aaompnz,SN Ibn,0.06,2025imp,225.6426296,34.88395778888888,SN Ibn
27,ZTF25aantepy,,,2025hzf,143.02079275999998,3.4225512399999998,
28,ZTF25aahweqd,,,2025cvt,91.88615473809524,44.10335124285715,
29,ZTF25aalmjrg,,,,258.2115739,18.5804728,
30,ZTF25aanbchm,SN Ia,0.0835,2025hma,161.48370125,-0.27640089999999995,SN Ia
31,ZTF25aanbkva,,,2025hkj,183.04303046,-13.114784539999999,
32,ZTF25aapqzzl,SN Ia,0.033575,2025jus,218.587122171875,3.6734579000000003,SN Ia
33,ZTF24abyjjjt,,,2024aeon,61.1055513,-10.125432788888892,
34,ZTF25abgkgdu,CV,,2025swd,338.58996095238103,11.978415166666666,CV
35,ZTF25aajlyns,SN II,0.0605,2025fen,176.51562687500004,70.41081117916667,SN II
36,ZTF25abijzcu,SN Ia,0.1,2025txy,22.11873773125,-13.567714875,SN Ia
37,ZTF25aatslhl,,,2025new,254.83940027894738,81.9547334631579,
38,ZTF25aaxihdl,,,2025pgc,278.33799762000007,-11.161231195000001,
39,ZTF25aakuauo,,,,205.9389256,-16.2208984,
40,ZTF25aaurbsw,,,2025ngk,224.92422471,50.90982502999999,
41,ZTF25aaadqsi,SN II,0.0085,2025bl,117.22876878181819,85.76259578311688,SN II
42,ZTF25aaixrfr,SLSN-II,0.127,2025eqe,240.27587581363642,-0.043889445454545435,SLSN-II
43,ZTF25aaoqzhl,,,2025ism,252.63253161111112,59.2069444111111,
44,ZTF25aapsjya,,,2025keh,10.448788416666666,41.20136209166666,
45,ZTF25aaupzxy,,,2025nmg,179.97393648,10.679545260000001,
46,ZTF25aadvjal,SN Ia,0.065,2025arz,151.70235609999997,39.53043906111111,SN Ia
47,ZTF25aagjlxr,,,2025ckg,133.91129700624998,7.84589484375,
48,ZTF25aatrxkp,,,,332.91323435000004,-1.8487631,
49,ZTF25aawtdak,,,2025ovm,348.24663732962955,-0.2526905518518518,
50,ZTF25aatrxlb,,,,333.2080006666667,-2.3274603999999997,
51,ZTF24abztsuv,,0,2024afzf,113.14696465,-17.304079350000002,
52,ZTF25aafocde,,,2025bst,174.25283725,29.710996650000002,
53,ZTF24abyhmnl,,,,221.06307991875,-20.33747743125,
54,ZTF25abanoqz,,,,251.53521855833333,-18.57849322777778,
55,ZTF25aaftbug,,,2025cez,176.6983242,41.77890435,
56,ZTF25abdzkae,SN Ia,0.121,2025smd,266.82558940961536,29.269050026923082,SN Ia
57,ZTF25aaazugo,SN Ia,0.045038,2025dw,241.16441270714287,16.648988057142855,SN Ia
58,ZTF25abigwgh,SN Ia,0.02927,2025trj,247.59922181666667,40.66011528333334,SN Ia
59,ZTF25aanepai,SN Ia,0.08,2025hsr,149.16980087692306,-4.176257415384615,SN Ia
60,ZTF25aamkdzv,,,2025hkp,246.10901932500002,16.677674275,
61,ZTF25aaniovm,,,2025hzl,127.95961679999999,-20.6467313,
62,ZTF25aajncey,,,2025fml,206.064860425,-23.0587332,
63,ZTF25aahcavm,CV,0,2021agrd,133.77579276666668,-25.840640383333326,CV
64,ZTF25aalmksm,,,,256.2795585,18.3744653,
65,ZTF25aafweaj,,,2025cge,163.93998605,70.1304999125,
66,ZTF25aarczrv,,,2025ljo,213.58672766666666,-22.82458973333333,
67,ZTF25aajfhfr,,,2025fhr,140.79704722000002,-26.849673259999996,
68,ZTF25aanijcp,,,2025hld,120.95572818000001,-2.9800530399999996,
69,ZTF25aaqiwar,SN Ia,0.071713,2025krj,224.31121460476191,12.811801404761907,SN Ia
70,ZTF25aaktqzg,SN Ia,0.0061,2025fvw,233.8574448614035,12.057730733333333,SN Ia
71,ZTF25aalsbpm,,,2025gyv,159.60036138125,68.0402696,
72,ZTF25aanjtra,,,2025hzt,220.81508788888888,12.907791933333332,
73,ZTF25aanfhdv,SN Ia,0.079,2025hlb,161.46071867142857,18.045595071428572,SN Ia
74,ZTF25aaluxnm,,,2025gte,197.1177577214286,8.228807157142857,
75,ZTF25aaxvfnf,,,2025psv,229.57814316666668,-26.264871966666664,
76,ZTF25abihaoq,,,2025txm,267.3995018,37.026402614285715,
77,ZTF25aanlnuo,,,2025hxa,225.7243090142857,5.210254807142857,
78,ZTF25abbcall,,,2025rlg,277.5588731588236,13.235517352941176,
79,ZTF25aaqybbx,,,2025kyz,257.63830322222225,7.688834288888889,
80,ZTF25aafejht,CV,0,2025aiv,272.5319221000001,47.89423145263157,CV
81,ZTF25aancloh,SN Ia,0.08,2025hte,234.3130845125,1.3285283749999999,SN Ia
82,ZTF25aakhihh,SN Ia,0.071,2025fov,234.46513980000006,8.557238083333333,SN Ia
83,ZTF25aalzmdh,,,2025hjx,256.13087685882357,54.02955079411765,
84,ZTF25aaoxrsz,CV,,2025jpj,281.8958974344828,29.099453286206895,CV
85,ZTF24abydgdk,,,2024aeev,348.048883325,11.910694075,
86,ZTF25aausnjn,SN Ic-BL,0.09,2025mkc,288.9317482833333,64.58780485555558,SN Ic-BL
87,ZTF25aawurjs,,,2025oss,268.82601371176463,12.167097838235295,
88,ZTF25abizefk,,,2025ulo,334.6617559,2.03153455,
89,ZTF25aafwxov,SN Ia,0.023,2025byq,108.11292554062499,50.2932582375,SN Ia
90,ZTF25aanxtou,SLSN-I,0.1734,2025izy,297.278834846875,78.85559225937502,SLSN-I
91,ZTF25aancolq,,,,269.53566334285716,11.603564928571428,
92,ZTF25abixhdc,SLSN-I,0.22,2025ukr,320.73546557288137,-10.013292057627119,SLSN-I
93,ZTF25aamxnbm,SN Ia,0.071,2025fov,234.46511529,8.557230319999999,SN Ia
94,ZTF25aajhsmn,,,2025evt,218.1375838714286,80.35732435714286,
95,ZTF25aaamvkj,,,2025aq,158.86172056666666,41.59514001666667,
96,ZTF25aanmgrm,SN Ia,0.05,2025ian,314.54793766428566,14.924888785714282,SN Ia
97,ZTF25aajgcvv,SN Ia,0.09,2025ezz,171.52250862666662,65.84535731333334,SN Ia
98,ZTF25aajcjdw,,,2025ezp,116.313773925,-5.073030941666667,
99,ZTF25aaetvgk,SN II,0.04,2025alg,197.94324391818182,-14.17818033181818,SN II
100,ZTF25aaldcfz,SN Ia,0.073,2025fxb,147.23795345000002,79.9039631,SN Ia
101,ZTF25aakatwx,SN Ia,0.086,2025ftb,101.0652426,45.564039550000004,SN Ia
102,ZTF25abawvzf,,,,314.55353541739134,29.919407860869565,
103,ZTF25aatruwp,SN Ia,0.1,2025mzr,325.3328609307692,-18.07790826153846,SN Ia
104,ZTF25aaqbsio,,,2025klq,250.50564071666668,-0.25861399999999996,
105,ZTF25aagrfgg,SN Ia,0.026596,2025bvf,225.89900712500003,-25.454717375,SN Ia
106,ZTF25aaheqzd,,,2025cro,231.71934762,-17.63790372,
107,ZTF25aaftdla,SN Ia,0.047,2025bvs,272.54055381923075,50.2500154576923,SN Ia
108,ZTF25abggzak,,,2025spb,242.12837382857143,34.922263421428575,
109,ZTF25aaqkpdi,,,2025lfl,352.49993355714287,24.459290328571427,
110,ZTF25abdcdwd,SN Ia,0.066,2025sce,310.5112640814815,21.90597466296296,SN Ia
111,ZTF25aapdivq,SN Ia,0.0624,2025ixf,243.09921837999997,35.17372866,SN Ia
112,ZTF25aagfivp,,,2025cps,188.5104379277778,-17.980929272222223,
113,ZTF24abzpalm,,,2024afxp,37.62616859,40.41953739,
114,ZTF25aaiyyvv,,,2025ett,142.09460602222222,50.88320445000001,
115,ZTF25aalzdap,,,2025hde,272.38600694,70.95167820999998,
116,ZTF25aafpqhy,,,2025crj,91.33756044444445,-25.033879788888886,
117,ZTF25aavgwln,,,2025nrd,228.16706307777778,-4.770282411111111,
118,ZTF25aaczsit,SN IIb,0.084,2025aca,145.54305780833334,37.09276605,SN IIb
119,ZTF25aaaecsu,SLSN-I,0.1934,2024agkj,129.0935706035714,42.02565981785715,SLSN-I
120,ZTF25aafctwi,,,2025ayv,198.04697149999998,5.221257928571427,
121,ZTF25abkfcny,,,,300.22229126,-0.06500653999999999,
122,ZTF25aabuuqf,,,2025adz,265.9563442666667,7.186205466666666,
123,ZTF25aafdxjr,SN IIb,0.02,2025azl,195.98287755882353,-20.942304202941177,SN IIb
124,ZTF25aaiokdh,SN Ia,0.076102,2025dio,142.84293429,5.28377763,SN Ia
125,ZTF25aanirib,,,2025hzh,167.27837165714286,-12.179243371428571,
126,ZTF25abevfgb,SN Ia,0.08,2025sag,347.63692781818185,-18.76693753636363,SN Ia
127,ZTF24abzvwfa,,,2024agid,143.27011067272727,56.65912151818181,
128,ZTF25abjnifk,Nova,0,2025usz,333.47376021499997,30.261681527499995,CV
129,ZTF25aazhyde,SLSN-I,0.2,2025qdz,355.87619079999996,36.37433118888889,SLSN-I
130,ZTF25aatnkyr,,,,264.60596683333335,17.548731766666666,
131,ZTF25aabsnwv,,,2025zg,239.91501432857143,46.91002748571429,
132,ZTF25aakgvaa,,,2025fvz,262.35219920833333,36.50923349166667,
133,ZTF25aadfajb,SN Ia,0.04,2025apl,144.13909158461541,-5.110320334615385,SN Ia
134,ZTF25aaqxchy,SN Ia,0.056,2025lhl,169.15730785,29.3630666,SN Ia
135,ZTF25aanjqgf,,,2025ibi,192.52257939999998,-12.357984354545454,
136,ZTF25aajoetk,,,,316.26814245,10.6671956,
137,ZTF25aahtwad,CV,0,2025cwe,210.91702986666664,79.79201399047618,CV
138,ZTF25aaofttb,SLSN-I,0.58,2025kkb,197.90625365,10.333116775,SLSN-I
139,ZTF24abzwppf,SLSN-I,0.3878,2024agir,242.3062016411765,43.95097512352942,SLSN-I
140,ZTF25aalphoj,,,2025gtd,126.21842396923077,2.8943663384615386,
141,ZTF25aabsmid,,,2025ln,174.20332877647058,-26.235529352941178,
142,ZTF24abzkvev,,,2024afni,156.72752242500002,48.867151125,
143,ZTF25aalmukv,,,2024zkf,335.91806699999995,28.064138059999998,
144,ZTF25aanmrqp,SN Ia,0.078,2025hyu,151.92604783333334,-25.946845966666668,SN Ia
145,ZTF25aapvrng,SN Ia,0.09,2025khg,172.31255107142857,-7.183092185714285,SN Ia
146,ZTF24abwsvtj,SLSN-I,0.4227,2024aezo,201.071146025,27.716996891666664,SLSN-I
147,ZTF25aavxdsp,,,2025oxu,315.21401599999996,-20.890059066666666,
148,ZTF25aardghz,CV,0,2025ljt,253.33620732500003,-8.4256413,CV
149,ZTF25aakaxwv,SLSN-I,0.265,2025fpp,119.33202094999999,6.61912337,SLSN-I
150,ZTF25aaamyjq,SN Ia,0.07,2025av,107.9434574076923,24.037023115384617,SN Ia
151,ZTF25abeuvaa,SN Ia,0.091,2025sns,327.9077804761905,-27.24805550714286,SN Ia
152,ZTF25aakqyxk,SN IIP,0.034,2025ftr,156.51222287857144,-3.4157170142857147,SN II
153,ZTF25aahsvoc,SN Ib-Ca-rich,0.00472,2025coe,158.283005775,28.436805325,SN Ib-Ca-rich
154,ZTF25aanigop,,,2025ibd,211.68667232,-25.606740100000003,
155,ZTF25aaqzjoy,,,2025kyx,284.60666117272723,84.73357630909089,
156,ZTF25aafpxbo,,,,26.85406618181818,62.24328310909091,
157,ZTF25abcxtvx,SN Ia,0.053,2025rzv,306.6027317416667,-11.169176547916669,SN Ia
158,ZTF25abcmcmo,CV,0,2025rvv,312.04304548484845,-24.359499266666663,CV
159,ZTF24abyixnr,SN Ia,0.1,2024afbd,134.81792629,67.69320625,SN Ia
160,ZTF25aaoeywm,,,2025iqw,175.17275208,5.83170288,
161,ZTF25aazwgub,,,,52.0838564,24.996903975000002,
162,ZTF25aacdmqo,,,2025wz,233.1905442,4.1021141142857145,
163,ZTF25aalqjms,,,,102.53078518571428,0.0352758714285714,
164,ZTF25abbxvbc,,,,304.30351141212117,11.949695196969698,
165,ZTF25aajhrzw,,,2025fcg,217.46087433333332,69.13532093333333,
166,ZTF25aakowne,,,,327.1831012,7.8098252,
167,ZTF25abbmzes,,,,308.72958093333335,-9.422745733333333,
168,ZTF25aaouelt,,,2025iza,135.9342941,31.208369516666664,
169,ZTF25aayxsry,SN Ia,0.085,2025qff,312.93780777157895,-9.54342788,SN Ia
170,ZTF25aauvtqk,,,2025nqv,245.29055404000005,26.028229573333338,
171,ZTF24abxzhim,SN Ia,0.018413,2024aedt,27.892477766666666,8.251362923809522,SN Ia
172,ZTF25aalvpqx,,,2025gyd,242.20406116363637,-10.348021945454546,
173,ZTF24abwzbei,,,2024adxt,228.79263254615387,10.449391523076923,
174,ZTF25abigpex,,,,246.79259175714287,-10.500579199999999,
175,ZTF25aaiquqz,SN II,,2025dgf,195.93592197199996,-16.429641672,SN II
176,ZTF25aabtxoc,,,2025qj,76.79817331666668,34.33691498333334,
177,ZTF25abdcpcx,,,2025sah,91.12295843999999,43.73096959,
178,ZTF25aapwxhm,SN Ia,0.044,2025khl,251.36158280487805,65.59108739999999,SN Ia
179,ZTF25aaddzbs,,,2025aut,191.8462354,-23.60581134,
180,ZTF25aalmtxa,,,,337.5790388,29.151831,
181,ZTF25aapsbqe,,,2025kmj,315.9644654857143,14.06380287142857,
182,ZTF25aapuxrx,,,2025kii,282.21249923333335,43.902505233333336,
183,ZTF25aajgmfp,,,2025fhp,163.9757980222222,-24.6181697,
184,ZTF25aalmjrl,,,,259.558232,19.4442663,
185,ZTF25abcleic,,,2025rut,284.2174301083333,14.286441700000003,
186,ZTF25aaplvhz,,,2025kgy,137.95492316,33.681293659999994,
187,ZTF25aankcwt,,,2025ird,209.105084875,23.7238183,
188,ZTF18acoyagv,,,,86.3278585,47.7345975,
189,ZTF25aavfzgq,,,2025oac,195.0335202,-16.43099545,
190,ZTF25aaphqzo,,,2025ize,295.77750685625,84.1926448625,
191,ZTF25aavgqzp,,,2025nyr,193.07622786521742,15.377051978260871,
192,ZTF24abyxivp,SN Ia,0.14,2024afos,78.00845895,-19.62249525,SN Ia
193,ZTF25aaztrqi,,,,310.7044104666666,61.031440333333336,
194,ZTF25aainhcq,,,2025esi,133.5226293,40.2518797875,
195,ZTF25aalmizq,,,,259.0339954,18.6534472,
196,ZTF25aappljn,,,2025kej,273.78385118431373,41.36491969803921,
197,ZTF25aavaxru,,,2025ocv,275.2350319142857,7.5402907714285705,
198,ZTF24abzpaoh,,,2024afxt,51.94236970000001,-9.3638543,
199,ZTF25aaxelhq,,,,10.9830813,41.58062653333334,
200,ZTF25aappflz,,,2025kfl,278.5905324454545,7.0993105000000005,
201,ZTF25aaidgmi,,,2025dcw,88.33544583333334,67.42005367777777,
202,ZTF25aaozfqa,,,,262.9059350333334,-27.040023416666667,
203,ZTF25aaacrjj,SN Ia,0.05,2025L,37.893162588888885,-23.011175144444444,SN Ia
204,ZTF25aalmjrf,,,,258.1118487,18.8221494,
205,ZTF25aaqowtn,,,2025lfj,217.77747982,19.8226314,
206,ZTF25aabvexg,,,,14.280875325,66.660114325,
207,ZTF25aawlutq,CV,0,2025omy,293.47524023600005,42.333594997999995,CV
208,ZTF25aalmizt,,,,259.6652249,18.2779183,
209,ZTF25aaheozr,,,2025ctk,255.24783717999998,0.35867228,
210,ZTF25aajjeon,TDE,0.6278,2025hbw,143.00356793043474,46.10419376086956,TDE
211,ZTF25aambvjr,SN II,0.05,2025jqr,335.76581631111117,17.316360703703705,SN II
212,ZTF25aacawwc,,,2024pff,184.34091582195123,-20.784082319512194,
213,ZTF25aagentf,,,2025cpr,184.2952756,54.603332775,
214,ZTF25aawjdgm,,,2025pbt,222.66578511666668,-5.654501916666667,
215,ZTF25aaggvwy,,,2025ckh,254.35373342500003,1.833780125,
216,ZTF25aaghhtj,,,2025cty,66.92313595,-3.6875242000000004,
217,ZTF25aapkuzc,,,2025kbi,153.79505595454546,20.182014445454545,
218,ZTF25aalmizx,,,,258.9291566,18.2930016,
219,ZTF25aaiqloy,,,2025dhs,181.87476809999998,-21.20690005,
220,ZTF25aabsnxe,,,2025mz,236.6196644714286,23.0098522,
221,ZTF25aaqebvt,,,2025kkt,140.92814477142858,3.139549957142857,
222,ZTF25aavsjkg,SN Ia,0.06,2025obr,254.95637058571424,74.06957733809524,SN Ia
223,ZTF25aaizwoi,,,2025fma,310.36239245,63.14009341249999,
224,ZTF25abikagm,SN Ia,0.09,2025tss,71.74520867857143,84.45951767142857,SN Ia
225,ZTF25abcydiy,SLSN-I,0.22,2025sfo,320.073138467742,-17.20889810215054,SLSN-I
226,ZTF25abigukv,,,2025tga,226.83890741250002,33.801761425,
227,ZTF25abfngcl,,,,89.44001153333333,30.208597033333334,
228,ZTF25aakgxxd,,,2025fow,257.9768256,2.27490292,
229,ZTF25aaktzja,,,,203.6599094,-24.3644743,
230,ZTF24abzjfdz,SN Ia,0.1095,2024afro,166.22632101818184,78.92745972727273,SN Ia
231,ZTF25aayfazs,,,2025pgi,299.69556752380953,-19.636387433333336,
232,ZTF24acahbyn,,,2016hmw,120.45831963333335,-11.559458300000001,
233,ZTF25abhfslz,CV,0,2025tfv,280.6299621,17.79256942,CV
234,ZTF25abikmzx,,,2025usi,47.71566258,29.115203459999996,
235,ZTF25aazizhm,,,2025rey,274.99106877500003,25.337787225,
236,ZTF25abebgqw,,,,299.12992386,11.626086560000001,
237,ZTF25aakofiw,,,2025gdz,259.3268568,18.39535175,
238,ZTF25aatlijo,,,2025mzg,263.8577808900001,25.46921199,
239,ZTF25aalmizr,,,,259.4493728,18.4536495,
240,ZTF25abhqzar,,,,90.10837413103448,21.568994265517244,
241,ZTF25abigqel,,,2025trw,235.36398726000002,3.1302372199999997,
242,ZTF25aalvymj,,,2025gzu,352.4445365257143,40.37739059714286,
243,ZTF25aajbchc,,,2025euv,80.63570055,63.58046601428572,
244,ZTF25aavvzbx,,,,320.3561989111111,23.645520277777777,
245,ZTF25aawnezc,,,,331.8509866,-2.7585248,
246,ZTF25aacbkwz,,,2025pu,130.740950875,42.620463900000004,
247,ZTF24abydfcn,,,2024aetw,4.9722930750000005,-22.1275238,
248,ZTF25aatrxkn,,,,333.1171028,-2.4538236,
249,ZTF25aahtbjr,SN Ia,0.07,2025cxn,195.78061326666665,-13.407288976190475,SN Ia
250,ZTF25aayorfb,,,2025qat,244.6372830121951,-16.602702875609754,
251,ZTF25aallgyu,,,,205.6316262,-17.8604033,
252,ZTF25aachnkp,,,2025aav,194.73744173333333,-10.062451466666667,
253,ZTF25aaptkov,TDE-featureless,0.292,2025kkj,222.96911543124997,8.905023875,TDE
254,ZTF25abhkfkq,,,2025tgj,31.216569804166667,8.487665616666666,
255,ZTF25aahlycs,,,2025csv,230.79042264999998,30.877520883333336,
256,ZTF25aalmvvv,,,,336.2097692,28.8852998,
257,ZTF25abhtpmw,SN Ia,0.048,2025udj,10.79228009090909,-9.639862636363636,SN Ia
258,ZTF25aauhsoe,SN II,0.0165,2025nbh,21.326254920833335,7.357501839583333,SN II
259,ZTF25aatrxku,,,,332.9571057,-2.21414915,
260,ZTF25aanekry,,,2025hww,149.98056818571428,-19.659455100000002,
261,ZTF25aakdrtk,,,2025fvi,156.91522992727275,9.559383181818184,
262,ZTF25abccjhw,,,2025rwu,272.25636698,-3.552615420000001,
263,ZTF25aaalevu,,,2024aglp,39.44046876,18.79335078,
264,ZTF25abbmzer,,,,308.0946888666667,-9.261453733333333,
265,ZTF25aacicqp,,,2016evx,269.1128046,10.4305154,
266,ZTF25aajenay,,,2025erj,69.57749516666667,21.595173000000003,
267,ZTF25aasfmrt,SN Ia,0.09,2025lwt,327.62321080000004,-13.65563256,SN Ia
268,ZTF25aaghhqn,,,2025cgd,91.9903472909091,-23.39443810909091,
269,ZTF25aawanhm,,,2025orj,246.7873782153846,12.040887984615383,
270,ZTF25aanxvlg,,,2025isa,245.57952127500002,15.798993266666669,
271,ZTF25aacaguh,,,,114.48598220000001,-12.638978766666668,
272,ZTF24aaerbdz,,,2024ckr,171.30554545,-13.642570899999999,
273,ZTF23aazodoj,SLSN-I,0.161,2023ous,66.45874198717947,-9.157791751282051,SLSN-I
274,ZTF23abgvtxr,SN Ia,0.055,2023tqm,119.36921582173913,51.123306121739134,SN Ia
275,ZTF23abavpyk,SN Ia,0.1,2023rfg,352.77571451428577,-27.015675757142855,SN Ia
276,ZTF23abjqxbe,SN Ia,0.06,2023upt,67.1141131590909,-17.89090223636364,SN Ia
277,ZTF23abdsfms,,,2023sxt,97.01130839,80.06911238,
278,ZTF24aabugqc,,,,120.30738522222221,-23.874290655555555,
279,ZTF24aaaidva,SN Ia,0.058,2023acfg,164.1567591,9.690579325,SN Ia
280,ZTF24aaarzpg,,,2024aap,189.59684383333334,-8.426678166666667,
281,ZTF23abscrnc,,,2023znr,84.68413407272726,71.61659537575757,
282,ZTF23abryfga,SN Ia,0.06,2023yqq,344.0206282,19.5824202,SN Ia
283,ZTF24aacfsyl,,,2024alt,127.67679119999998,5.478886766666666,
284,ZTF23aazdoyl,,0.1832,2023puk,307.76071506999995,-4.7559937,
285,ZTF23aazvjqv,,,2023qxb,308.4427991368421,11.918706363157897,
286,ZTF23abshmtt,SN Ia-pec,0.109,2023zdy,125.71105233333333,21.172609122222223,SN Ia*
287,ZTF23abamchj,,,2023rjq,336.20372519,48.17938684999999,
288,ZTF23aazxoku,,,2023qun,50.660395484615385,21.510349530769233,
289,ZTF24aaervkt,SN Ia,0.019807,2024bks,196.84011451860465,-27.37534020465116,SN Ia
290,ZTF23abkpino,,,2023vpx,133.72175763846153,26.560572515384617,
291,ZTF23abnkxgm,,,2023wcj,20.0311547125,56.5616967375,
292,ZTF23abvbwys,SN Ia-91T-like,0.049,2023aajn,55.39106185499999,-2.7805711900000007,SN Ia*
293,ZTF24aabqfbn,SN II,0.06,2024xh,205.3888571066667,15.71305347333333,SN II
294,ZTF23abvtnlu,,,2023acch,29.042165366666666,3.4756619333333334,
295,ZTF24aadecbb,SN II,0.03,2024amc,186.1998077882353,-0.9898440235294117,SN II
296,ZTF23absjirl,,,2023zke,229.18022864166673,21.989548041666666,
297,ZTF23aboelln,,,2023xvv,329.1096162000001,37.909295506666666,
298,ZTF23abrralq,,,,297.07459070000004,48.55227465,
299,ZTF23abhsmro,,,2023uff,336.68595416,16.785820713333333,
300,ZTF23abochfb,SN Ic-BL,0.15,2023wtq,20.481996163636364,-3.772209727272727,SN Ic-BL
301,ZTF23abjfikg,SN Ia,0.095,2023umd,338.0658318583333,0.4467306416666666,SN Ia
302,ZTF23abhyvva,,,2023usb,88.18944502903226,65.7249690548387,
303,ZTF23abbbomo,SN Ia,0.065,2023rmk,345.63452269999993,-19.724735222727272,SN Ia
304,ZTF24aadeeew,CV,,2024amp,194.69859213333334,-8.818755533333333,CV
305,ZTF23abarvgy,,,2023rey,93.71094703076925,50.640502380769234,
306,ZTF23abaizki,,,2023rfx,232.02843973333333,28.95903026666667,
307,ZTF23abheflz,,,2023tsm,350.091231925,33.087206475,
308,ZTF23abhzekh,,,2023uqg,99.1473785923077,6.263955507692307,
309,ZTF23abscrjf,,,2023znk,97.11126977333333,69.71864038000002,
310,ZTF23ablspnz,SN II,0.035,2023vkz,127.15074601081085,57.20884760540541,SN II
311,ZTF23abmstux,,,2023vpy,266.3409567875,17.6013966375,
312,ZTF23abqezls,,,2023xuc,123.0661311,-0.19633837499999995,
313,ZTF23abfgsod,,,2023tje,341.2763512870968,39.01119663870968,
314,ZTF23abhipsi,,,2023tvm,338.60867998181817,48.97161532727273,
315,ZTF23abhwnlz,,,2023ufz,355.6298321375,-24.692462012500002,
316,ZTF23abscpbm,,,2023zui,113.76744981875001,69.86668746875,
317,ZTF23abaslfm,SN Ia,0.069,2023rbt,26.63096426086957,11.865366665217392,SN Ia
318,ZTF23abvzhwa,SN Ia,0.085,2024mi,114.37556783571428,45.28689709285714,SN Ia
319,ZTF24aaadtbj,,,2024kf,32.93107426666666,-7.3292991333333335,
320,ZTF23absirfu,,,2023ztm,148.30940035,-6.13153805,
321,ZTF23abawrhc,,,2023rml,118.48143995833333,30.73486190833333,
322,ZTF23abijopy,SN Ia,0.04,2023uqu,266.94928588,64.349249555,SN Ia
323,ZTF23abscsod,,,2023zyi,134.31711388125,37.07084981875,
324,ZTF23abncubg,,,2023xby,300.11064393636366,-15.267424409090909,
325,ZTF23aboixbz,,,2023xmn,173.28293390000002,-7.6568672,
326,ZTF23abcitsv,,,2023skk,20.999015181249998,21.68553253125,
327,ZTF23aazrtdy,SN Ia,0.084,2023qpe,355.06577601282055,15.464158433333331,SN Ia
328,ZTF23aaxyawz,SN Ia,0.07,2023pjx,22.856634826315787,12.408701394736845,SN Ia
329,ZTF23abihpqf,,,2023adps,57.51377974545455,38.0425184,
330,ZTF23absbyol,SN Ia,0.08,2023zjv,108.54359970666668,36.16466752666666,SN Ia
331,ZTF23absbzov,,,2023yru,107.36086537647057,31.0277408,
332,ZTF23aboqpgn,,,2023xet,32.999980185714286,49.429160828571426,
333,ZTF23abrygca,,,2023zod,339.44903673333334,52.2894399,
334,ZTF23absdqly,SN Ia,0.051,2023zax,146.39552210666668,7.1723099,SN Ia
335,ZTF23abhrhmc,,,2023ufb,10.20207182857143,-20.513868471428573,
336,ZTF23abcufxh,SN Ia,0.075,2023spg,2.9845851636363636,-7.772093718181818,SN Ia
337,ZTF23ablksje,,,2023vjj,53.187172258333334,10.518283233333333,
338,ZTF23abcqzvm,SN Ia,0.102,2023svf,251.02191633846152,30.302776469230768,SN Ia
339,ZTF23aaznifc,SN Ia,0.09,2023qrz,328.81131653333335,-17.592095399999994,SN Ia
340,ZTF23absbmfw,SN Ia,0.028,2023ypp,52.955035906250004,-4.712318075000001,SN Ia
341,ZTF23abugaag,,,2023adpz,211.1721035125,-12.335422900000001,
342,ZTF23abrzoie,,,2023yrh,39.894752350000005,11.544985350000001,
343,ZTF24aaekbjg,SN Ia,0.079,2024brz,216.43653594000003,20.0949505,SN Ia
344,ZTF23abffdsc,,,2023tnk,256.99294236190474,60.63926177619047,
345,ZTF24aaetkbe,,,2024czo,8.183339014285716,51.365524900000004,
346,ZTF24aaaldzu,SLSN-I,0.24,2024ut,183.54640736666667,-25.1319132,SLSN-I
347,ZTF23abgnfdv,SN Ia,0.05,2023udv,58.67239495238094,7.331273052380954,SN Ia
348,ZTF23abqygjv,SLSN-II,0.194,2023zeq,17.22581552857143,-20.64004747142857,SLSN-II
349,ZTF23abjheui,,,2023vby,27.122725157142856,1.1209818642857143,
350,ZTF23abulqve,,,2023aafe,118.17296823333334,35.58458818333333,
351,ZTF24aaaimkm,SLSN-I,0.2,2023aase,173.09202701111113,-3.3223528888888887,SLSN-I
352,ZTF23abdynfn,SN Ia,0.07797,2023syg,312.4208058692307,-14.724038746153846,SN Ia
353,ZTF24aaerzgz,SN IIn,0.1,2024crf,296.44821554727275,48.37532484,SN IIn
354,ZTF23abaderr,SN Ia,0.072854,2023qzo,23.7716709,-22.6771762375,SN Ia
355,ZTF23abmhdzg,,,2023vtu,264.2763798,31.250554375,
356,ZTF24aadxyvz,SN Ia-91bg-like,0.0298,2024bjb,167.98245072,3.1336873600000006,SN Ia*
357,ZTF24aaekbpi,,,2024cpc,234.96091520000002,17.807821775,
358,ZTF24aaadebq,,,2024cf,232.10949346,22.59819538,
359,ZTF24aadrjos,,,2024bjt,26.67511882727273,31.83809920909091,
360,ZTF23abgcnmt,,,2023tir,2.0897606428571427,72.98120752857143,
361,ZTF24aaeklor,,,2024cah,238.741181025,-10.07832595,
362,ZTF23abnmkgl,,,2023vww,80.90489870833333,42.68250038333333,
363,ZTF23abaaxln,,,2023rjg,353.3947759266667,50.69336578666668,
364,ZTF24aadvfvd,,,2024bgm,86.01111685000001,61.969826833333336,
365,ZTF23aboeruc,,,2023xex,353.18488523999997,44.42648422,
366,ZTF23abaqakp,,,2023rdh,281.86218468000004,65.55623365,
367,ZTF23absddkf,SN Ia,0.044,2023yzu,80.99784647142859,-20.092573485714286,SN Ia
368,ZTF24aaennqr,SN IIn,0.037,2024bth,109.65945655714286,4.309681799999999,SN IIn
369,ZTF23abscrol,,,2023aaiu,19.094960110526316,81.60823465789474,
370,ZTF23abngfmz,,,2023wdc,78.56847232999999,-6.697282939999999,
371,ZTF23abljvny,,,2023vsz,95.97908662857142,-19.647068257142855,
372,ZTF23aazneeg,,,2019egp,357.3398613,-17.674647583333336,
373,ZTF23aboemfi,SN Ia,0.1,2023wrn,352.9730108043478,22.658537782608697,SN Ia
374,ZTF24aaejnbx,SLSN-I,0.33,2024byt,167.14276570769232,-0.5066077384615385,SLSN-I
375,ZTF24aadlpxv,,,2024bgn,66.403459125,13.844395324999999,
376,ZTF23abdmbau,CV,,2023sus,291.95398905714285,-3.7548381285714285,CV
377,ZTF23abqeyxk,,,2023xpq,125.38732074285714,-15.413820728571428,
378,ZTF23abcrvnt,,,2023shy,318.6363157272727,-26.77504153636364,
379,ZTF23abrajyk,,,2023xum,59.26249408181818,35.99394391818182,
380,ZTF23abawwbg,,,2023sfw,127.53234456764706,19.936284097058824,
381,ZTF23abgatsc,,,,312.686194,-23.27078185,
382,ZTF23abbarvf,,,2023rsf,305.6040352142857,10.423804742857143,
383,ZTF23abvosnz,,,2024lr,5.05019435,73.06380185,
384,ZTF24aaaeqvq,,,2024ts,36.89460271666666,33.5127768,
385,ZTF24aadkgen,,,2024biw,111.09465165,-2.032754325,
386,ZTF24aaejxtc,,,2024bkt,187.33591669999998,-23.235144766666668,
387,ZTF24aaehepr,,,2024aoi,123.467639475,-14.255727375000001,
388,ZTF23abvnrva,,,2017dwt,94.04629340000001,-10.525438,
389,ZTF23abvverq,,,2023acfn,163.32356255000002,-14.707453033333332,
390,ZTF23abrmcio,,,,175.9431586,12.6749629,
391,ZTF23ablfxvj,Nova,-0.001,2023veq,10.884808463636363,41.63906901818182,CV
392,ZTF23abdiuwh,,,2023spa,138.482083745,19.515343924999996,
393,ZTF23abscvif,,,,92.33034590000001,-9.4284469,
394,ZTF23absgdtm,,,,80.75632316666666,55.513975525,
395,ZTF23abiixqe,,,2023wkv,148.93192652000002,-4.1353177,
396,ZTF23aavyfyn,,,2023otk,3.8510054758620686,47.58579755517241,
397,ZTF23abhvmjb,,,2023wya,125.48035395714284,16.299605907142855,
398,ZTF23aboebgh,SLSN-I,0.15,2023wml,174.78622454324326,-11.249424402702704,SLSN-I
399,ZTF23absbptl,,,2023yib,44.20466598,-24.63507842,
400,ZTF24aafvhlr,,,2018izx,274.3903723375,40.0607809125,
401,ZTF23aazmlht,,,2023skm,299.6510995866667,53.59825764000001,
402,ZTF24aaaejlv,,,2024lm,43.68299401428572,44.140422085714285,
403,ZTF24aacreis,,,2024aku,218.8151993,58.4958651,
404,ZTF24aaejwsn,,,2024ckv,218.21835772,49.95862441999999,
405,ZTF23abilisu,,,2023ufm,3.9952049799999996,-1.03150226,
406,ZTF23abbsfxp,SN Ia,0.139,2023slt,53.518406575,-21.90609215,SN Ia
407,ZTF23abncyct,,,2023vuz,269.52793887,25.25747603,
408,ZTF23abpuqkf,,,,287.68954138,36.001303840000006,
409,ZTF23abmjitq,,,2023vos,5.407417925000001,11.576740525,
410,ZTF24aafqard,SN Ia,0.083,2024csz,184.2199386,0.2080972999999999,SN Ia
411,ZTF23abofayp,,,2018aod,51.29091094166666,48.838865774999995,
412,ZTF23aboiawb,,,2023xfn,144.7045299,30.023011759999996,
413,ZTF24aadvsff,,,2024bfm,123.63097261666667,14.912956766666667,
414,ZTF23abjdloa,,,2023vld,106.6333689375,65.829910275,
415,ZTF23abpqklj,SN Ia,0.07,2023xjs,36.64401253333333,-19.17399307777778,SN Ia
416,ZTF24aaacvdw,,,2024mx,183.82619108,63.444849999999995,
417,ZTF23absflyh,SN Ia,0.09,2023yti,31.592516200000002,-18.3183686,SN Ia
418,ZTF23abvttdd,,,2023acjx,47.439179625,41.00736415,
419,ZTF24aaekknp,,,2024cmf,233.52142376,57.06017122000001,
420,ZTF24aafirxd,,,2024dlu,209.8969658,35.6341867,
421,ZTF23abndxzj,SN Ia,0.042,2023vxt,352.97642724117645,72.84651467352941,SN Ia
422,ZTF23abnlexe,,,2023wef,339.7525240399999,7.30571635,
423,ZTF23absjiof,,,2023zya,190.51110325000002,10.02550475,
424,ZTF23abatvfd,,,2023rmn,304.0705072857143,-17.397820442857142,
425,ZTF24aaahwrm,SN Ia,0.05,2024mk,154.24684746666665,-9.448349299999999,SN Ia
426,ZTF23aawzkue,,,2023pfd,358.43503565,51.7588787125,
427,ZTF24aaadecc,,,2024oh,230.121244,54.72376545,
428,ZTF24aafedkt,Varstar,0,2019hyn,111.12651866666668,73.18213091666667,Varstar
429,ZTF24aafaamo,,,2024cop,212.81959811428572,26.33748432857143,
430,ZTF23abhyzsk,,,2023vvj,112.029969824,23.683387376,
431,ZTF23abrzabc,Nova,,2023ypg,23.22482327777778,30.36060775555556,CV
432,ZTF23abnoapt,,,2023wue,102.91919962857143,48.07801650476191,
433,ZTF24aabwweu,,,2024alb,27.9151679,46.21657605,
434,ZTF23abqbpaw,,,2023xln,12.23049005,-24.020091700000002,
435,ZTF23aazsirz,,,,69.39776748,79.04522442,
436,ZTF24aaeggrz,,,2024ccs,48.047274783333336,23.95160765,
437,ZTF23aazezjp,SN Ia,0.12,2023pug,6.516917528571429,30.876868792857145,SN Ia
438,ZTF24aadosgv,,,,95.42054275,4.764511675,
439,ZTF23abiuvhk,,,2023ujq,296.29443760000004,-6.5461942625,
440,ZTF23aazfosr,,,2023quw,59.84700205833334,32.2376353,
441,ZTF24aaenufu,,,2024crk,137.64109256666669,15.074847033333334,
442,ZTF23aboryjw,,,2023xhm,16.381840166666667,29.46902898333333,
443,ZTF23abbakmt,SN Ia,0.101,2023rhf,310.55295409999997,-12.880789479999999,SN Ia
444,ZTF23aaznymz,,,2023qvv,41.932372425000004,38.061252233333335,
445,ZTF23abdhvou,SN Ia,0.089,2023sqs,29.580017484,14.560202696000001,SN Ia
446,ZTF23abaunhu,,,,287.268886875,-3.2733347750000004,
447,ZTF24abnvicc,,,2024znh,57.61407072857143,18.811868249999996,
448,ZTF24aaiehwu,SN Ia,0.04,2024fot,196.7256583586207,-22.111396627586206,SN Ia
449,ZTF24aaindpx,SN Ia,0.02,2024gbt,189.49828344814816,-27.434601237037036,SN Ia
450,ZTF24abbggnw,SLSN-I,0.24,2024nrw,23.22869825,-27.75672147857143,SLSN-I
451,ZTF24aarvhfv,,,2024lcs,327.9794423153845,28.582981376923076,
452,ZTF24abjfzow,CV,0,2024wuh,102.49185423333331,-23.06108501666667,CV
453,ZTF24abjgazf,,,2024wqp,131.77594005384617,55.94506096153846,
454,ZTF24aalbxfh,CV,0,2024hif,160.79393920909092,82.68346140909091,CV
455,ZTF24aagilmu,,,2024diw,113.21597851764706,38.99872665882353,
456,ZTF24aakfccf,,,2024hhc,136.74399415714285,17.354840728571425,
457,ZTF24abhfjtn,,,2024vhz,321.87417625,60.617883892857144,
458,ZTF24abxzkkf,,,,24.322277824999997,59.07089446666668,
459,ZTF24abrzrdb,,,2024aawj,347.25281301999996,23.11164006,
460,ZTF24aawdrkg,,,2024pns,11.14788055,41.16080225,
461,ZTF24aawruen,SN Ia,0.085,2024pwe,248.832250393617,19.241216795744684,SN Ia
462,ZTF24aalubmp,SN Ia,0.059,2024hvy,287.9030198583333,51.96803407291667,SN Ia
463,ZTF24aakdmwg,SN Ia,0.073,2024gtu,257.15178543571426,45.263772992857135,SN Ia
464,ZTF24aajxrmd,,,2024gsj,356.28423050740747,38.26572864814815,
465,ZTF24aaybeda,SN Ia,0.097427,2024qwi,253.6686972166667,40.74364267916667,SN Ia
466,ZTF24aavrelg,,,2024pps,337.53736798846154,17.606614523076924,
467,ZTF24abvnhrd,,,,134.94829136363634,-15.633076799999998,
468,ZTF24abszjmr,SN Ia,0.1,2024abmn,145.43348799999998,44.24272605333333,SN Ia
469,ZTF24abepnpq,SN Ia,0.045,2024unx,36.9794449225,37.4477328275,SN Ia
470,ZTF24aasjsjs,,,2024lxc,300.67122329375,-13.03687159375,
471,ZTF24aaunwuk,,,,289.2635053111111,-16.51606406111111,
472,ZTF24abitpxy,,,2024wdn,123.83891422142858,58.879862471428574,
473,ZTF24abbvhxw,CV,,2024sio,262.99896703888885,5.667430500000001,CV
474,ZTF24aapeorz,SN Ia,0.066,2024kcf,236.14820912941175,52.68011896470588,SN Ia
475,ZTF24abezzcm,,,2024ulh,120.80867813999998,20.03878646,
476,ZTF24aarwnax,,,2024lhl,259.2499255882353,-5.56521272352941,
477,ZTF24aagzzye,,,2024ebu,254.78115406666672,77.05673827777778,
478,ZTF24absazmk,,,2024aaxx,74.10902749523811,70.67757293809524,
479,ZTF24abluyre,,,2024xve,252.51907405454548,52.30251314545455,
480,ZTF24abccvkc,,,2024slw,309.23825789999995,83.389914465,
481,ZTF24aayyqub,SN Ia,0.06,2024rki,51.088495563636364,14.135613127272729,SN Ia
482,ZTF24absvdpn,SN Ia,0.04,2024abkj,138.58309823333335,14.878722514285714,SN Ia
483,ZTF24aaxdojc,SN Ia,0.02,2024ptp,40.90015655333334,-11.022628379999999,SN Ia
484,ZTF24aalbagt,,,2024hxi,122.7558357,35.968261925,
485,ZTF24abszkgi,,,2024acgg,178.56904967999998,20.73149852,
486,ZTF24aaqzmba,,,2024kxu,271.5926989846154,18.09267010769231,
487,ZTF24aaxnwel,,,,92.09213739333333,30.42306659333333,
488,ZTF24abvftmi,SLSN-II,0.32,2024adtg,133.36848835151517,-11.140727187878788,SLSN-II
489,ZTF24ablthst,SN Ia,0.08,2024xol,51.01460123076924,-15.717319346153847,SN Ia
490,ZTF24abygyka,SN Ic-BL,0.2,2024aeiw,114.87811147999999,-1.47839332,SN Ic-BL
491,ZTF24abhtybk,SN Ia,0.0335,2024vpc,86.4775498104651,51.349066380232564,SN Ia
492,ZTF24absyxrj,SN Ia-pec,0.02108,2024abli,172.79518077142856,34.21380814285714,SN Ia*
493,ZTF24ablkziv,SN Ia,0.058,2024xex,88.74496483157895,51.89599406315789,SN Ia
494,ZTF24aatwwpj,SN Ia,0.106,2024ngr,275.75463379999997,43.2706808076923,SN Ia
495,ZTF24aaskkjl,,,2024lxl,358.94720421666665,37.21564596666666,
496,ZTF24aaxkdul,,,2024qrr,262.32166599722217,51.301759116666666,
497,ZTF24abuprea,,,2024acye,96.4561348,73.76675196875,
498,ZTF24abeegoz,CV,0,2024uah,300.1181431857143,-3.009536871428572,CV
499,ZTF24aaoovbv,CV,0,2024jqp,313.71616064166665,29.705956091666664,CV
500,ZTF24aajwajo,,,2024gro,200.3733310875,-10.3994896125,
501,ZTF24aaibdjb,,,2024gac,113.39146182500001,2.9866175750000004,
502,ZTF24abfawev,SN Ia,0.019,2024ulg,262.6887074058823,18.338489594117647,SN Ia
503,ZTF24abcuvds,Nova,0,2024ssv,11.746344930434782,40.56179194782608,CV
504,ZTF24aawavgt,,,2024pwi,17.786169793333332,41.09376978,
505,ZTF24aawxpeu,SN Ia,0.11,2024qaq,256.4344108208333,38.37738304166667,SN Ia
506,ZTF24aawruhq,,,2024pxy,227.8647102384615,13.893240823076923,
507,ZTF24aajydvw,SN Ia,0.074,2024gti,176.43758760000003,-4.2523808,SN Ia
508,ZTF24absoabp,,,2024abkt,321.93206044615386,-12.959594638461539,
509,ZTF24aayuqab,,,2024rky,305.8615540375,83.9763121875,
510,ZTF24aavybxc,CV,0,2024pnt,255.92062768974355,-6.512930400000001,CV
511,ZTF24aawpwxe,,,2024pux,7.604873929999998,20.19737242,
512,ZTF24aahdpki,SN Ia,0.047,2024elv,244.43583963529412,13.30386702352941,SN Ia
513,ZTF24abcpmkk,,,2024sou,29.58029334615384,81.0703503923077,
514,ZTF24aardkhs,,,2024kxv,277.79533858750005,16.679632650000002,
515,ZTF24aajxsgx,,,2024gsi,357.1168645409091,35.60383523181818,
516,ZTF24aahjkim,,,2024elq,160.6639880875,9.106197425,
517,ZTF24aauuamm,,,2017esv,252.54155537000003,-18.46276144,
518,ZTF24aatkhhr,,,2024pcy,7.793823453846155,51.56607141538462,
519,ZTF24aatqfom,CV,0,2024nat,245.7268769625,-16.183585825,CV
520,ZTF24abrlecu,,,2024acet,27.408232577777778,-20.55673088888889,
521,ZTF24aahhkfu,,,2024eog,169.41011181666667,16.037987249999997,
522,ZTF24abtlppf,SLSN-I,0.2285,2024adfq,13.309918785714286,53.994260528571424,SLSN-I
523,ZTF24aajgyxa,,,2024gri,187.32343032,54.04084752,
524,ZTF24aahxyrp,SN Ia,0.054,2024fcj,165.73443953125,55.688657074999995,SN Ia
525,ZTF24abyhrpc,,,2024aeog,339.94288515833335,-16.156495383333333,
526,ZTF24abtsprb,SN Ia,0.099,2024abwf,135.58334380909093,26.91613723636364,SN Ia
527,ZTF24aasngtn,,,,53.92751224642857,50.429292228571434,
528,ZTF24aajxobf,,,2024gtg,220.23190023333333,55.29725935555555,
529,ZTF24abkegqp,SN Ia,0.06,2024xhi,253.53197198947376,61.80775262631579,SN Ia
530,ZTF24aakrrjs,,,2024hje,226.855391475,-22.0721726375,
531,ZTF24abrzdky,,,2024aaxq,308.05366422857145,3.698051828571429,
532,ZTF24aapikyr,SN Ia,0.03,2024jor,202.3744727,-23.6597782125,SN Ia
533,ZTF24abgdwyx,,,2024uzm,63.406952133333334,18.13347342666667,
534,ZTF24aartoqh,,,2024lhp,232.01771740500004,4.9876515249999995,
535,ZTF24abwmhtc,,,2024adpn,351.7398798928571,39.82656742142857,
536,ZTF24aaijpcp,SN Ia,0.054,2024fuo,252.18027302500002,-4.81918094375,SN Ia
537,ZTF24aaxoguq,,,2024qkx,229.66546458125,3.3568935062499996,
538,ZTF24aahatfg,,,2024efa,142.8956647666667,-12.85672126,
539,ZTF24abrorvi,SN Ia,0.03,2024aatr,152.62170712857144,3.766725185714286,SN Ia
540,ZTF24abdolll,,,2024udw,60.296777473333336,20.741850453333335,
541,ZTF24aahrjsx,,,2024exe,74.7969002,28.59607366666667,
542,ZTF24abgtwuu,,,2024vbw,75.16929212307691,-4.955693630769232,
543,ZTF24aaumgrp,,,2024pbs,239.30436371904761,22.745987190476193,
544,ZTF24aagblmg,,,2024dhu,168.0747947,4.08476486,
545,ZTF24aaxusdr,,,2024qwr,28.807820269230774,53.43390474615384,
546,ZTF24aapzmzb,SN Ia,0.075,2024kxz,318.2618546666667,-13.549045999999999,SN Ia
547,ZTF24aalbjyy,,,2024hkm,192.720844825,69.4408968,
548,ZTF24aaxjkov,,,2024qpq,91.00342388,46.76394303,
549,ZTF24aaqwmpl,,,2024kzq,324.7675053,27.23033554,
550,ZTF24abspaxa,,,2024abfs,16.7922818,83.40523162727273,
551,ZTF24aalblfd,,,2024hkl,182.05690614999997,-0.8807166,
552,ZTF24aapeoye,SN Ia,0.07,2024jqy,215.5584608,48.50688065714286,SN Ia
553,ZTF24abmkoqc,SN Ia,0.095,2024yfp,123.82154745,13.987237668749998,SN Ia
554,ZTF24abttkmr,SN Ia,0.083,2024aces,188.115613425,52.173572175000004,SN Ia
555,ZTF24aaejuzc,,,2024dju,185.05548561428571,14.428298914285714,
556,ZTF24abikzjx,SN Ia,0.04,2024vyd,8.595338463636361,10.351978487878787,SN Ia
557,ZTF24aaxseec,,,2024rkn,257.627022632,55.373888392,
558,ZTF24abracvj,,,2024aanz,357.74355060909096,53.298870218181825,
559,ZTF24aahttlx,,,2024ffv,69.55378579999999,67.51629068,
560,ZTF24abaalzx,,,2024rue,322.6470802,19.67442452857143,
561,ZTF24aagqkya,,,2024eez,144.18126304,8.370068120000001,
562,ZTF24abrywxv,,,2024aaxo,293.6857012166667,48.41381496666666,
563,ZTF24abnxgxw,,,2024yho,139.5039064,-16.124103875,
564,ZTF24abqxbwy,,,2024aapf,279.09078123846155,40.324762584615385,
565,ZTF24abzkrvr,,,2024aepr,165.031523625,15.749096,
566,ZTF24aahgkub,,,2024fjc,186.64575412285714,72.6206682857143,
567,ZTF24abmmffx,,,,155.5633895,-1.3376708333333334,
568,ZTF24abnfurd,SN Ia,0.075,2024ykq,164.4217919923077,-3.273587084615385,SN Ia
569,ZTF24abkdugf,,,2024wyr,153.49238018571427,7.005306928571429,
570,ZTF24absuydh,SN Ia,0.066,2024abgb,130.46196734375002,24.695162037499998,SN Ia
571,ZTF24abbmixl,SN Ia,0.012129,2024pjl,67.05888325909092,-6.791171954545455,SN Ia
572,ZTF24aajjcnd,,,2024hph,315.88243538,9.624608920000002,
573,ZTF24abrople,,,2024aasz,155.50289324285714,65.33604978571428,
574,ZTF24abtmueg,SLSN-I,0.109,2024adhq,17.737602765,42.20150315,SLSN-I
575,ZTF24aayhjxz,,,2024rbf,274.796124531579,11.894686847368419,
576,ZTF24aauobib,,,2024peu,293.7710189185185,53.72755320000001,
577,ZTF24aaiosse,,,2024fzz,248.73228386666668,50.42489276,
578,ZTF24aahxzdl,,,2024fmi,171.54754897142857,77.35019241428573,
579,ZTF24aaimxaf,SN Ia,0.059,2024fyc,207.47450963333333,26.479066616666667,SN Ia
580,ZTF24aandgxw,,,2024jci,346.95742774054054,3.037319421621622,
581,ZTF24abtcxfm,,,2024abnw,86.89845785384614,7.673831476923076,
582,ZTF24ablknoq,CV,0,2024xhn,102.72704691794873,59.606820189743594,CV
583,ZTF24abllcax,SN Ia,0.04,2024xoy,76.44483443684211,10.882055331578947,SN Ia
584,ZTF24aagnlaw,SN Ia-SC,0.13,2024dvi,160.00979308888884,61.84385537222223,SN Ia*
585,ZTF24abgvkxx,SN Ia,0.066,2024vgq,91.38048330476192,53.921406661904754,SN Ia
586,ZTF24aakfchb,SN II,0.018,2024gyt,139.98707201578947,0.9376311157894738,SN II
587,ZTF24abizbkp,,,2024wdl,65.9001301,4.3784924,
588,ZTF24aahhcuo,SN Ia,0.1,2024ewl,143.48320544999999,29.975935449999998,SN Ia
589,ZTF24aahahuu,SN Ia,0.06,2024egg,194.57902447499998,27.595353025,SN Ia
590,ZTF24aatccmo,SN Ia,0.059,2024mxr,240.0040310888889,-19.54966101111111,SN Ia
591,ZTF24abmxmyb,,,2024zag,41.50629696111111,41.23838073888889,
592,ZTF24abprqav,,,2024aagc,7.707524240000001,38.66855184,
593,ZTF24abmhrjk,SN Ia,0.09,2024yfk,42.98114154444445,-4.959299255555556,SN Ia
594,ZTF24abtaozt,,,2024abnc,0.2640181,46.88228081666667,
595,ZTF24aaxpgwg,,,2024qpl,248.21650444,29.50861939333333,
596,ZTF24aahfvqw,,,2024eoh,103.42640547500001,0.7000581499999999,
597,ZTF24aaiuemn,,,2024fzq,260.39799543333334,40.12213190000001,
598,ZTF24aahhwwq,SN Ia,0.069788,2024eqd,190.21111380769233,-3.460642692307692,SN Ia
599,ZTF24abxhdum,,,2017edo,347.37480057777776,43.92261134444444,
600,ZTF24abrophb,SN Ia,0.0479050018,2024aatb,165.26423396666667,57.786578133333336,SN Ia
601,ZTF24aaiehiv,SN Ia,0.044,2024flu,240.76194806842105,79.81679819473685,SN Ia
602,ZTF24abezynm,,,2024vcd,125.40024478333333,20.220609766666666,
603,ZTF24aashgpk,,,,348.9364717357143,59.49524291428571,
604,ZTF24aauponi,,,2024rkb,45.310377200000005,47.570518379999996,
605,ZTF24abbwlpx,,,2024skf,323.6440652333334,30.5021165,
606,ZTF24abqwrpk,,,2024aami,146.48920043181818,77.42979647727273,
607,ZTF24aaspdpq,,,2024lxy,224.45334332857146,17.55687455714286,
608,ZTF24aarwigk,,,2024lsk,203.200742825,-2.388404725,
609,ZTF24aboheoh,,,2024zab,359.30116268,-18.238479919999996,
610,ZTF24aarqhdj,,,2024ljw,280.86253530000005,3.2482570571428573,
611,ZTF24abcitfj,,,2024spg,237.8585181222222,19.60006587777778,
612,ZTF24abmqdcc,SN Ia,0.081,2024ygt,56.97701431875,6.707008074999999,SN Ia
613,ZTF24aanrbmb,,,2024jbf,250.62622545,-6.89397056,
614,ZTF24abdnunm,,,2024uhr,32.56016302105263,27.14866861052631,
615,ZTF24aawxqtz,,,2024qnx,235.90035546923076,1.3607187615384615,
616,ZTF24aargamg,,,2024kxo,215.42395979999998,15.8215710125,
617,ZTF24aafatvf,,,2024cxy,221.0638144208333,-20.337013754166666,
618,ZTF24aaruxmt,,,2024ldk,316.23480728,67.70986072000001,
619,ZTF24abbybtj,,,2024sut,62.09310667333333,-0.16720845333333323,
620,ZTF24abqtafy,,,,312.11489424999996,-26.87561281666667,
621,ZTF24abnpslr,,,2024ywi,341.5326923714285,22.077285142857143,
622,ZTF24abqlxaf,SN IIP,0.04,2024zxb,76.94117523214285,16.100432942857143,SN II
623,ZTF24abluyzf,,,2024wqx,276.97734054,16.75734456,
624,ZTF24aagcvjg,SN Ia,0.025,2024ddb,47.77763455,10.843835949999999,SN Ia
625,ZTF24abmktlw,,,2024xvw,115.70686216363637,43.75295291818182,
626,ZTF24aappkjp,,,2024kco,214.94153044285713,-16.611196585714286,
627,ZTF24abhront,,,,224.9855843,62.511102199999996,
628,ZTF24aaofopg,SN Ia,0.068,2024jdf,255.343329925,78.8526419,SN Ia
629,ZTF24aawnwza,,,2024pxv,11.793908195833334,33.5095518125,
630,ZTF24aauuiva,SN Ia,0.0785,2024pcq,279.1231751411765,60.48401778235294,SN Ia
631,ZTF24abhvcij,,,2024vmf,28.633530399999998,31.13535113846154,
632,ZTF24aasfwky,,,2024lno,197.83080953333334,8.731538149999999,
633,ZTF24aazqqsw,,,2024rrc,284.4315664833333,61.03680346666667,
634,ZTF24aahpcfe,SN Ia-91T-like,0.08,2024fai,162.17038428888887,-9.526831111111111,SN Ia*
635,ZTF24abcvapx,,,2024tdc,68.764545775,86.94030260624999,
636,ZTF24abimpmc,SN Ia,0.04,2024vyj,27.103259627272724,2.4826049,SN Ia
637,ZTF24aalazse,,,2024hqs,128.68547926666668,40.75519965,
638,ZTF24aaodomb,,,2017fad,257.77225605454544,-8.17725193636364,
639,ZTF24abcwvgz,,,2024swc,247.89186089,13.04072462,
640,ZTF24aaifufq,,,2024fmb,307.2142396,23.5814473,
641,ZTF24abfpcjv,SN Ia,0.033,2024vjw,135.51261944677418,22.617197282258065,SN Ia
642,ZTF24aamyrwl,,,2024iwq,319.331449175,9.245844818750001,
643,ZTF24abckosj,,,,52.816668283333335,49.88397463333334,
644,ZTF24aalcflg,SN Ia,0.093,2024hrq,245.82305697777778,2.5089878888888886,SN Ia
645,ZTF24aawsbpd,,,2024rww,251.91219359411764,-21.03730584117647,
646,ZTF24aaigyqo,,,2024fzb,109.065601275,16.026296499999997,
647,ZTF24aaksert,,,2024hab,238.49572932105266,-12.534745942105262,
648,ZTF24aaijfpt,,,2024fpn,229.35765735000004,-3.083093116666667,
649,ZTF24aaicvxg,,,2024fmo,144.05544537499998,11.275753475,
650,ZTF24aaimwud,SN Ia,0.115,2024lni,190.45260488333335,63.018388116666664,SN Ia
651,ZTF24abpgriz,,,2024aaab,82.94373117857143,67.6009486857143,
652,ZTF24aapzgnb,SN Ia,0.11,2024kcq,324.6855045,11.995044177777777,SN Ia
653,ZTF24aalngme,,,2024hvc,10.841655387179486,41.54607672307693,
654,ZTF24absrzuh,,,2024afhi,126.9961369,-21.2817283,
655,ZTF24aalngmf,,,2024emh,11.204930633333333,41.79116153333333,
656,ZTF24aagolqg,,,2024dni,254.88087334444447,41.704213888888894,
657,ZTF24ablgtah,,,2024xox,318.9020157,22.745307083333334,
658,ZTF24aakpvnd,,,2024gyy,344.63899151666664,10.723948133333336,
659,ZTF24aaefymy,,,2024clh,26.15007693076923,38.19377076153846,
660,ZTF24abstpyc,,,2024abnq,350.47396716500003,41.381547255,
661,ZTF24abteblh,,,2024absb,311.8351382818182,1.0221466545454545,
662,ZTF24ablfqjv,,,,334.83938993333334,19.28434572666667,
663,ZTF24aaruheu,SN,0.48,2024lnq,222.68228755294118,69.55455469117648,Ambiguous SN class
664,ZTF24abugpzu,,,2024acqp,141.19644324,19.38248034,
665,ZTF24abifmph,SN Ia,0.11,2024vwh,105.040797575,33.166354,SN Ia
666,ZTF24aaoihda,,,2024jbn,253.65419760909091,5.418149336363637,
667,ZTF24ablzrea,,,2024xxb,164.09369156,6.996006263333333,
668,ZTF24abalacb,,,2024sba,36.428536230769225,22.173175469230767,
669,ZTF24aakzycd,,,2024hxm,115.5278005,22.55594855,
670,ZTF24aathdii,,,,55.119868777777775,37.88784002222222,
671,ZTF24abtoxri,,,2024acnu,351.6053481166667,-12.475847716666665,
672,ZTF24aaueync,,,2024pbg,285.9503321,53.01805427666666,
673,ZTF24abcbnyj,,,2024skd,114.57416827499999,34.574299,
674,ZTF24aaospih,,,2024jkf,234.6850837875,-20.3595536875,
675,ZTF24abybmsk,,,2024aemi,57.913194312499996,-16.408555975,
676,ZTF24abwlpbj,,,2024advw,312.38674802500003,6.017922850000001,
677,ZTF24aathvqq,,,2024ncn,211.85395014,8.78952282,
678,ZTF24abhupjy,SN II,0.0245,2024vls,101.65892137499999,22.509353495238095,SN II
679,ZTF24abojqwn,,,2024zna,168.95794460000002,31.63373886,
680,ZTF24abhdwet,,,2024vhc,142.21736943235294,35.50535563823529,
681,ZTF24aatbavv,SN Ia,0.09,2024npr,1.6248566333333334,-4.005371233333334,SN Ia
682,ZTF24abbjmyk,,,2024sfh,276.64004747499996,19.164817149999998,
683,ZTF24abwqeyd,,,2024adpp,91.13450162500001,0.624067675,
684,ZTF24abcihoe,,,2024sbn,78.37777915476192,-4.058152321428571,
685,ZTF24aatvrik,,,2024ngs,235.1874783727273,22.77282501818182,
686,ZTF24aahiasq,,,2024fes,247.60901407777777,70.77243073333332,
687,ZTF24abzpbxr,,,,97.8221439,47.3070026,
688,ZTF24aaihqeq,,,2024fps,158.4289894,0.2961838166666666,
689,ZTF24aaumhmm,SN Ia,0.06,2024nzi,249.315618395,29.1514141075,SN Ia
690,ZTF24abzoslp,,,2024aexn,316.84510781999995,22.44873894,
691,ZTF24aaspwim,CV,0,2024mqg,272.6875207285714,22.77983795,CV
692,ZTF24aaowjlw,SLSN-I,0.13,2024jwx,227.5384731209303,6.751681002325581,SLSN-I
693,ZTF24aawjvjv,,,2024puz,262.8359789277777,53.40415264444445,
694,ZTF24abdjxqm,,,2024ulm,118.29414603448278,25.007094065517247,
695,ZTF24abyvdoe,,,2024aemj,308.310915975,86.14158117500001,
696,ZTF24abbjtrd,,,,337.7241295,48.716883575000004,
697,ZTF24aajgsta,,,2024gor,219.2068975,61.0578456,
698,ZTF24absappa,,,2024aaws,24.481437219999997,50.873663539999995,
699,ZTF24abtokax,,,2024abul,214.45012633636364,15.146151409090908,
700,ZTF24aaknnfb,,,2024gwr,133.44814384,3.51241178,
701,ZTF24aahrdmd,,,2024exf,98.87398725,20.579234125,
702,ZTF24aagqhnx,,,2024ftg,137.43544013333337,65.88111951111111,
703,ZTF24aavcabo,,,2024por,32.40664759,23.169671794999992,
704,ZTF24aalzlzn,,,2024obp,276.765644625,35.97929385,
705,ZTF24aasqink,,,2024lze,202.0408547333333,52.29563536666666,
706,ZTF24abgmtsu,SN Ia,0.029911,2024vbk,33.710964623076926,30.85979822307692,SN Ia
707,ZTF24aahkzvn,,,2024eus,323.8082894117647,23.419264188235296,
708,ZTF24absnzsq,,,2024abkm,327.37054322307694,-6.081242023076924,
709,ZTF24abamnfx,,,2024seq,104.5837446,39.96668009473685,
710,ZTF24abnpybd,,,2024zkg,348.9205136333333,3.7208434333333336,
711,ZTF24aahxwge,,,2024fnh,174.3524346,-10.7509333,
712,ZTF24aagtlpi,SN Ia,0.09,2024ebw,210.64536533333333,30.136290600000002,SN Ia
713,ZTF24aahxzcm,,,2024fmw,85.45010656,68.46075198,
714,ZTF24abvkybi,,,2024adge,9.881145526666668,70.72598039333334,
715,ZTF24abwmcrv,,,2024aefk,357.6117866,37.17335513636364,
716,ZTF24abgsafr,,,2024vvg,1.48531965,-15.996858725,
717,ZTF24aaxdooe,SN Ic-BL,0.03,2024pxk,39.94384899333333,-13.022659353333333,SN Ic-BL
718,ZTF24aboxrnx,,,,33.868800275,57.87958485,
719,ZTF24abhputg,,,2024vjj,245.3204647,60.924820999999994,
720,ZTF24abmaujk,TDE,0.12,2024ymu,1.718909325,-17.336810924999998,TDE
721,ZTF24aauahnc,,,2024ngi,253.50983670666662,39.28763998,
722,ZTF24aaqgmxz,SN Ia,0.06,2024klq,203.63900220000002,-12.89768675,SN Ia
723,ZTF24aatyjkk,,,,351.24081330000007,-5.913350933333333,
724,ZTF24abqndsu,,,2024aaqk,285.1798373428572,22.71749607142857,
725,ZTF24abpuaon,,,2024aapu,26.24079618888889,45.59537211111111,
726,ZTF24aatxshz,TDE,0.1398,2024qab,273.5258050448276,36.24992175862069,TDE
727,ZTF24abntutt,,,2024ypy,339.98830284,-16.4637627,
728,ZTF24aahfwfd,,,2024eob,55.964784224999995,15.673492775,
