objectId,tns_classification,tns_redshift,tns_name,ra,dec,tns_classification_mapped
ZTF23abndxzj,SN Ia,0.042,2023vxt,352.97642724117645,72.84651467352941,SN Ia
ZTF24aaahwrm,SN Ia,0.05,2024mk,154.24684746666665,-9.4483493,SN Ia
ZTF25acczido,SN Ia,0.091,2025acua,9.30247097,9.50350131,SN Ia
ZTF25acgngdl,SN Ia,0.06,2025ahdt,325.36358513333334,-4.3394683,SN Ia
ZTF24abzjfdz,SN Ia,0.1095,2024afro,166.22632101818184,78.92745972727273,SN Ia
ZTF25aardghz,CV,0.0,2025ljt,253.33620732500003,-8.4256413,CV
ZTF24aaindpx,SN Ia,0.02,2024gbt,189.49828344814816,-27.434601237037036,SN Ia
ZTF25accmopr,SLSN-I,0.307,2025afad,134.29468345217393,-15.559737913043476,SLSN-I
ZTF25acdceqb,SN Ia,0.05,2025acsj,173.48318944482762,49.38396688620689,SN Ia
ZTF25abqkwce,SN Ia-SC,0.04,2025xju,358.81116190779227,39.76371591818182,SN Ia*
ZTF25abyrwhz,SLSN-I,0.124,2025abmf,139.0503893448276,49.06484862413794,SLSN-I
ZTF23aboebgh,SLSN-I,0.15,2023wml,174.78622454324326,-11.249424402702704,SLSN-I
ZTF23abaslfm,SN Ia,0.069,2023rbt,26.63096426086957,11.865366665217392,SN Ia
ZTF24aalcflg,SN Ia,0.093,2024hrq,245.82305697777775,2.508987888888889,SN Ia
ZTF23ablspnz,SN II,0.035,2023vkz,127.15074601081083,57.20884760540541,SN II
ZTF24aaimwud,SN Ia,0.115,2024lni,190.45260488333335,63.018388116666664,SN Ia
ZTF23aaxyawz,SN Ia,0.07,2023pjx,22.856634826315787,12.408701394736845,SN Ia
ZTF23abqygjv,SLSN-II,0.194,2023zeq,17.22581552857143,-20.64004747142857,SLSN-II
ZTF24aagcvjg,SN Ia,0.025,2024ddb,47.77763455,10.84383595,SN Ia
ZTF24aaofopg,SN Ia,0.068,2024jdf,255.343329925,78.8526419,SN Ia
ZTF24aagnlaw,SN Ia-SC,0.13,2024dvi,160.00979308888884,61.84385537222223,SN Ia*
ZTF24aaejnbx,SLSN-I,0.33,2024byt,167.14276570769232,-0.5066077384615385,SLSN-I
ZTF23abvbwys,SN Ia-91T-like,0.049,2023aajn,55.39106185499999,-2.7805711900000007,SN Ia*
ZTF24abifmph,SN Ia,0.11,2024vwh,105.040797575,33.166354,SN Ia
ZTF25aafwxov,SN Ia,0.023,2025byq,108.112925540625,50.2932582375,SN Ia
ZTF25aanxtou,SLSN-I,0.1734,2025izy,297.278834846875,78.85559225937502,SLSN-I
ZTF25aaofttb,SLSN-I,0.58,2025kkb,197.90625365,10.333116775,SLSN-I
ZTF25acaypgx,SN Ia,0.07,2025abzy,348.14331241,36.41332495,SN Ia
ZTF25aafpooi,SN Ia,0.1,2025bwb,83.60183194545453,-25.42546676363636,SN Ia
ZTF24aafatvf,,,2024cxy,221.0638144208333,-20.337013754166662,
ZTF24aaxseec,,,2024rkn,257.627022632,55.373888392,
ZTF24aardkhs,,,2024kxv,277.79533858750005,16.679632650000002,
ZTF24aaejuzc,,,2024dju,185.05548561428571,14.428298914285714,
ZTF24abdolll,,,2024udw,60.296777473333336,20.741850453333335,
ZTF24aahatfg,,,2024efa,142.8956647666667,-12.85672126,
ZTF24aaxjkov,,,2024qpq,91.00342388,46.76394303,
ZTF24abwmhtc,,,2024adpn,351.7398798928571,39.82656742142857,
ZTF24aahjkim,,,2024elq,160.6639880875,9.106197425,
ZTF24abprqav,,,2024aagc,7.707524240000001,38.66855184,
ZTF24aakrrjs,,,2024hje,226.855391475,-22.0721726375,
ZTF24abizbkp,,,2024wdl,65.9001301,4.3784924,
ZTF24aaiuemn,,,2024fzq,260.39799543333334,40.12213190000001,
ZTF24aahxzdl,,,2024fmi,171.54754897142857,77.35019241428573,
ZTF24abnxgxw,,,2024yho,139.5039064,-16.124103875,
ZTF24abzkrvr,,,2024aepr,165.031523625,15.749096,
ZTF24abbwlpx,,,2024skf,323.6440652333334,30.5021165,
ZTF25aceevwg,,,2025adln,168.03735987777776,30.42659735555556,
ZTF25abwoggs,,,2025aaen,332.6621976388889,16.239558199999998,
ZTF25abtjmbl,,,2025ykn,95.08365496428571,-17.584587449999997,
ZTF25abztmum,,,2025abqh,136.60237060666668,42.87853792000001,
ZTF25abxvcqw,,,2025abgg,25.74448683636364,51.23373634545454,
ZTF25abzcwci,,,2025abfn,79.76751686428572,0.7694975857142855,
ZTF25acgdfwz,,,2025agik,23.679078847826087,36.964212608695654,
ZTF25abthhzy,,,2025yqr,37.019435400000006,76.93868511999999,
ZTF24ablgtah,,,2024xox,318.9020157,22.745307083333337,
ZTF24abalacb,,,2024sba,36.428536230769225,22.173175469230767,
ZTF24aazqqsw,,,2024rrc,284.4315664833333,61.03680346666667,
ZTF24abcvapx,,,2024tdc,68.764545775,86.94030260624999,
ZTF24aaodomb,,,2017fad,257.77225605454544,-8.17725193636364,
ZTF24aaigyqo,,,2024fzb,109.065601275,16.026296499999997,
ZTF24abgsafr,,,2024vvg,1.48531965,-15.996858725,
ZTF24aahfwfd,,,2024eob,55.964784224999995,15.673492775,
ZTF24abwqeyd,,,2024adpp,91.134501625,0.624067675,
ZTF24aawjvjv,,,2024puz,262.8359789277777,53.40415264444445,
ZTF23aboryjw,,,2023xhm,16.381840166666667,29.46902898333333,
ZTF25aaheozr,,,2025ctk,255.24783718,0.35867228,
ZTF25aaiqloy,,,2025dhs,181.8747681,-21.20690005,
ZTF25abdcpcx,,,2025sah,91.12295844,43.73096959,
ZTF25aankcwt,,,2025ird,209.105084875,23.7238183,
ZTF23abdsfms,,,2023sxt,97.01130839,80.06911238,
ZTF23aazvjqv,,,2023qxb,308.4427991368421,11.918706363157897,
ZTF25abikmzx,,,2025usi,47.71566258,29.115203459999996,
ZTF25aaqzjoy,,,2025kyx,284.60666117272723,84.73357630909089,
ZTF25aanijcp,,,2025hld,120.95572818,-2.9800530399999996,
ZTF24abyiwzh,,,2024aenw,79.2837173875,-14.9795294125,
ZTF25aajlhto,,,2025fou,83.95679631666665,56.962785149999995,
ZTF25aajjioo,,,2025fem,107.12153565,14.20626999,
ZTF25aatslhl,,,2025new,254.83940027894735,81.9547334631579,
ZTF25aahweqd,,,2025cvt,91.88615473809524,44.10335124285715,
ZTF25aaxvfnf,,,2025psv,229.57814316666668,-26.264871966666664,
ZTF25aanjqgf,,,2025ibi,192.5225794,-12.357984354545454,
ZTF25aaqbsio,,,2025klq,250.50564071666668,-0.2586139999999999,
ZTF25aaheqzd,,,2025cro,231.71934762,-17.63790372,
ZTF23aboelln,,,2023xvv,329.1096162000001,37.909295506666666,
ZTF23abilisu,,,2023ufm,3.99520498,-1.03150226,
ZTF23abvttdd,,,2023acjx,47.439179625,41.00736415,
ZTF24aaaejlv,,,2024lm,43.68299401428572,44.140422085714285,
ZTF23abawwbg,,,2023sfw,127.53234456764706,19.936284097058824,
ZTF23abnoapt,,,2023wue,102.91919962857143,48.07801650476191,
ZTF24absazmk,,,2024aaxx,74.10902749523811,70.67757293809524,
ZTF24aajwajo,,,2024gro,200.3733310875,-10.3994896125,
ZTF24abitpxy,,,2024wdn,123.83891422142858,58.879862471428574,
ZTF24aaeggrz,,,2024ccs,48.047274783333336,23.95160765,
ZTF23aazfosr,,,2023quw,59.84700205833334,32.2376353,
ZTF24aagilmu,,,2024diw,113.21597851764706,38.99872665882353,
ZTF23aavyfyn,,,2023otk,3.8510054758620686,47.58579755517241,
ZTF25aborakj,,,2025xcc,343.22103934,80.48451842,
ZTF23abhwnlz,,,2023ufz,355.6298321375,-24.6924620125,
ZTF24aaekbpi,,,2024cpc,234.9609152,17.807821775,
ZTF23abscpbm,,,2023zui,113.76744981875,69.86668746875,
ZTF23abffdsc,,,2023tnk,256.99294236190474,60.63926177619047,
ZTF23abawrhc,,,2023rml,118.48143995833333,30.73486190833333,
ZTF23aboqpgn,,,2023xet,32.999980185714286,49.429160828571426,
ZTF23abcitsv,,,2023skk,20.99901518125,21.68553253125,
ZTF23aboeruc,,,2023xex,353.18488523999997,44.42648422,
ZTF25abbmzer,,,,308.0946888666667,-9.261453733333331,
ZTF25aatrxku,,,,332.9571057,-2.21414915,
ZTF25abpwqyf,,,,122.99769431304344,8.736444439130434,
ZTF25aalmvvv,,,,336.2097692,28.8852998,
ZTF25aalmksm,,,,256.2795585,18.3744653,
ZTF25aakuauo,,,,205.9389256,-16.2208984,
ZTF25acgqqnr,,,,111.24819047777775,5.004877188888889,
ZTF24abckosj,,,,52.816668283333335,49.88397463333334,
ZTF25aatrxkp,,,,332.91323435000004,-1.8487631,
ZTF24aathdii,,,,55.119868777777775,37.88784002222222,
ZTF24abyhmnl,,,,221.06307991875,-20.33747743125,
ZTF25aciywrk,,,,84.647397625,54.4916764,
ZTF23abrralq,,,,297.07459070000004,48.55227465,
ZTF25aakowne,,,,327.1831012,7.8098252,
ZTF25abbmzes,,,,308.72958093333335,-9.422745733333333,
ZTF24aatyjkk,,,,351.24081330000007,-5.913350933333333,
ZTF25aalmtxa,,,,337.5790388,29.151831,
ZTF25aalmizt,,,,259.6652249,18.2779183,
ZTF25aalmjrl,,,,259.558232,19.4442663,
ZTF25abmniua,,,,34.87196231666667,78.78075545,
ZTF25aaztrqi,,,,310.7044104666666,61.031440333333336,
ZTF25aceinhd,,,,36.768531243999995,55.370837148,
ZTF25aalmizq,,,,259.0339954,18.6534472,
ZTF25aazwgub,,,,52.0838564,24.996903975,
ZTF25aatrxkn,,,,333.1171028,-2.4538236,
ZTF24aadosgv,,,,95.42054275,4.764511675,
ZTF23aazsirz,,,,69.39776748,79.04522442,
ZTF25aancolq,,,,269.53566334285716,11.603564928571428,
ZTF25aawnezc,,,,331.8509866,-2.7585248,
ZTF24abhront,,,,224.9855843,62.5111022,
ZTF25abuovaz,,,,117.38047466666669,-0.0057080333333332,
ZTF24aboxrnx,,,,33.868800275,57.87958485,
ZTF25aaktzja,,,,203.6599094,-24.3644743,
ZTF24abqtafy,,,,312.11489424999996,-26.87561281666667,
